Text,Sentiment,Type,Post URL,Created,Comment Author
"The heat and humidity are for real. We have been battling drain fly gnats for three months this summer. Even Orkin gave up on us. I hear putting lie down the drain. Does a good job, but we can‚Äôt do that because we are on a septic tank I have had multiple eye infections. And I see them everywhere I go this year because of the hurricanes that came through and stirred so much up. In restaurant bathrooms and the kitchen I‚Äôm sure. I ordered a bowl of soup and one dove right into it before I could even pick up my spoon. I got up and left.",Positive,Comment,https://www.reddit.com/r/Georgia/comments/1gxlu7l/vienna/,1732318904.0,rufusclark
"I live a couple hours away but the local fb groups are still full of people needing help with debris, money, etc. Sad situation.",Neutral,Comment,https://www.reddit.com/r/Georgia/comments/1gxlf8h/how_is_augusta_doing/,1732317770.0,iglootyler
"This is a great question. I have some Korean and Chinese friends and they have brought me to some places that they said were as authentic as you get. I can't remember where they were but the Chinese one was on Buford highway, South of 285. The Korean one was in Duluth by Gwinnett place mall.

As for Italian (my heritage), Sotto Sotto on North Highland is the only Italian restaurant in Atlanta that I feel can compete with real Italian cooking. It's expensive and hard as hell to get into but it's really good.",Positive,Comment,https://www.reddit.com/r/Georgia/comments/1gx92ct/immigrants_of_georgia_which_ga_restaurant_serves/,1732285703.0,ECapo10
Just asked my good Taiwanese friend. Him and his wife both said Bento Cafe off Jimmy Carter.,Positive,Comment,https://www.reddit.com/r/Georgia/comments/1gx92ct/immigrants_of_georgia_which_ga_restaurant_serves/,1732285703.0,highflyer10123
Sorry that was more for the other person who said ‚Äúnot their job to get out of the way..‚Äù you genuinely seem to want to know so kudos for actually questioning and answering. I‚Äôm not used to that on Reddit. Even if we may disagree a little you have definitely gone about it the right way and i salute you. Have a good one,Positive,Comment,https://www.reddit.com/r/Georgia/comments/1gwtxrj/tailgating_on_i85/,1732232658.0,Cooperman15
"1- sorry to hear the struggles. 
2- backup power is inexpensive. You can get a KW of battery with the Ecoflow Delta 2 for $400 right now. A bunch of other brands of solar generators are on sale for Black Friday. It doesn‚Äôt make sense to not have it no matter where you are at this point. Used to be expensive but now it‚Äôs wildly cheap. 

3- If you think Georgia is bad don‚Äôt ever go to Texas. We lived there and the power goes out if it‚Äôs too hot (it‚Äôs the desert), too cold (ice storms happen there couple times a year), too windy (windy AF), and/or too wet (floods and that happens like all the time). And they brilliantly seceded from the fed power grid so lol you‚Äôre just on your own there. 

Grew up here and having lived a few other places, I can tolerate GA Power. They are expensive bc of our new nuclear reactors but they are fairly reliable in my experience of 30+ years here. After Helene, they have been working nonstop here in Augusta to get us back online. We got power back 3 weeks before we got the internet (ATT fiber) back.",Negative,Comment,https://www.reddit.com/r/Georgia/comments/1gws3kt/georgia_power_is_the_most_unreliable_i_have_ever/,1732227721.0,thejhaas
"Interesting. I‚Äôve had GA Power for about 5 years and I‚Äôve had zero outages outside of storm related damage. 

The reliability is actually the lone bright spot of being forced to suck at the teat of that particular monopoly in my experience. The prices have gotten insane but I always have power.",Positive,Comment,https://www.reddit.com/r/Georgia/comments/1gws3kt/georgia_power_is_the_most_unreliable_i_have_ever/,1732227721.0,samwise_thedog
Interesting. I'm in Atlanta Fulton county and maybe 1 or twice during a bad storm had the power gone out. One time I only knew because I have to reset the clock on the microwave. When I lived downtown it never went out! In the 4/5 years I lived there.,Negative,Comment,https://www.reddit.com/r/Georgia/comments/1gws3kt/georgia_power_is_the_most_unreliable_i_have_ever/,1732227721.0,blonde_Cupid
"Something I found from a retired GA Pwr lineman in a facebook post after our area got hit hard by Helene...

Underground lines are great in some ways, but they‚Äôre not the fix-all that people think they are. For one, they‚Äôre expensive‚Äîway more expensive than overhead. You can‚Äôt just take an overhead line and stick it underground. It‚Äôs not that simple. Underground systems need completely different equipment like pad-mounted transformers and switchgears, and you have to deal with whatever‚Äôs already underground, like water lines or gas pipes. Plus, most easements for overhead lines don‚Äôt cover underground installations. That means the utility has to go back and negotiate new easements with landowners, which is a massive headache. Some landowners are fine, but plenty of them will push for more money, and a few are impossible to track down because their title information is a mess. Just getting those easements done can take longer than the actual work, and it‚Äôs not cheap.

Another thing people get wrong is thinking underground lines are storm-proof. They‚Äôre not. Sure, they‚Äôre less likely to get knocked out by a tree, but cables still have a lifespan‚Äî20 to 40 years under the best conditions‚Äîand they fail for other reasons, like heat or bad soil. When they do fail, repairs are way more complicated. I‚Äôve been on calls where an overhead fix took a couple of hours, but the underground repair for the same issue dragged on for two days.

Heat is another big problem with underground circuits. Overhead lines can cool naturally, but underground cables can‚Äôt. If a feeder circuit is loaded up, the heat can cause failures. To avoid that, we sometimes have to pull multiple runs of cable to spread out the load. I worked on a job where we ran four parallel cables just to manage the heat. That‚Äôs a lot more material and labor compared to a single overhead line.

Don‚Äôt get me wrong, underground has its benefits, but it‚Äôs not as resilient or cost-effective as people assume. It‚Äôs a trade-off, and from what I‚Äôve seen in the field, it‚Äôs not always worth it.",Negative,Comment,https://www.reddit.com/r/Georgia/comments/1gws3kt/georgia_power_is_the_most_unreliable_i_have_ever/,1732227721.0,DoorDash4Cash
"I also live in Atlanta in an area with mature trees. I‚Äôve also had my power knocked out more than once by speeding cars taking down power poles in my neighborhood. I guess it‚Äôs a universal experience of living in Atlanta.  
  
My power has otherwise been pretty reliable outside of the handful of bad thunderstorms we get every year.",Negative,Comment,https://www.reddit.com/r/Georgia/comments/1gws3kt/georgia_power_is_the_most_unreliable_i_have_ever/,1732227721.0,flying_trashcan
"Deleted my comment because I thought it said they lost the baby's cremains, not actual remains.",Negative,Comment,https://lawandcrime.com/lawsuit/funeral-home-gives-grieving-family-dirt-from-6-month-olds-grave-site-as-a-replacement-for-the-remains-they-lost-lawsuit/,1732225808.0,RocketCat921
"UPDATE AS OF 11/21 @ 11:24 PM EST - Someone finally got back to me from the shelter. They have extended his deadline until tomorrow at 7:00 PM EST. I have someone that is very interested so I'm hoping it doesn't fall through. Thank you so much again to everyone for helping with this. I'll continue to keep you all posted as soon as I know more.

If anyone is interested in finding a forever friend here is a link to their most at risk dogs - [https://dekalbanimalservices.com/at-risk/](https://dekalbanimalservices.com/at-risk/) They have a lot of dogs scheduled to be put down tomorrow because they are over capacity :( While that sounds horrible, they have posted photos and videos of their dogs and how being in the shelter is hurting them physically, mentally, and emotionally and while it hurts that they do have to put them down sometimes, in the end it is a kindness. One of their dogs was self harming from being stuck in the kennel for so long (someone saved him yesterday and stepped up to foster) and they had another dog just bouncing off the walls losing their mind. It was heartbreaking to see. They have lots of cats, kittens, puppies, dogs of all sizes with various compatibilities for each person/family. Again they are super over crowded so anything helps - please check out their website if you are able to foster/adopt (no pressure because I know everyone can't). If you do want to foster, I believe they provide all the supplies you'll need while the pet is in your care in case someone didn't know! So you won't have to worry about expenses.

If you're unable to foster/adopt, please consider volunteering at this shelter or any other shelters! Dekalb/Fulton have a program where you can take a dog out for the day just to get them out of the shelter for the day. You can take them on a hike, go to the park, or just hangout at home. They also offer weekend fostering as well! Sharing urgent posts like this one is also VERY helpful. I didn't realize how much attention this would get and I""m so happy I posted Continent on here. I wasn't having any luck reaching people on Instagram. Donations are always helpful as well or donating supplies.

Lastly, if you're interested, I highly recommend volunteering with local rescues. I'll post the ones I follow below! I volunteer with Braveheart Bulliez Rescue (Two Tailz Rescue) based out of Roswell. They are amazing. They help all dogs but mostly focus on abused dogs (animal cruelty cases, dog fighting, or dogs like Continent). They are also very active in pushing for better animal cruelty legislation.

Thank you again for all your help! I will update you as soon as I know more. Also, Fulton County Animal Shelter and DeKalb County Animal Shelter are the same thing. (I know some of you are not from this area or even state).  Two separate buildings but they are the same shelter program.

  
If you need to contact the shelter please email them at [adoptions@fultonanimalservices.com](mailto:adoptions@fultonanimalservices.com) 

Rescues and their Instagrams:

Braveheart Bulliez Rescue @ braveheartbulliezrescue

Bossy Paws Rescue @ bossy.paws.rescue

Release Atlanta @ releashatlanta

Mostly Mutts @ mostly\_mutts

Furkids Animal Shelters @ furkidsatlanta",Negative,Comment,https://i.redd.it/qv1ghutxib2e1.jpeg,1732222533.0,17dancingqueen
"This is the sad story of hundreds of dogs in Georgia shelters each week. Out most recent rescue was a Pibble mix out of Walton county.  We got him the day he was going to be put down.  They had stopped feeding him and we're only giving him snausages, which ended up giving him digestive issues.  He is the most wonderful boy. He joined our two rescues from White county.  

If you can save a dog, please do so.  If you can't, please encourage everyone to spay and neuter their pets. And please support the rescues.  Shout out to Charles Smithgall animal shelter.",Negative,Comment,https://i.redd.it/qv1ghutxib2e1.jpeg,1732222533.0,bgthigfist
Can you call the shelter and see if they can work with you to extend the deadline?? I‚Äôm sure they would be happy too! If they can‚Äôt I think I can take him to you.,Positive,Comment,https://i.redd.it/qv1ghutxib2e1.jpeg,1732222533.0,17dancingqueen
"I made the at risk webpage actually. I'm glad people are looking at it :) I was really proud of that. Fulton should had a similar site. Not sure if they still update it though. 

Just to add a bit of additional information. Dekalb and Fulton are separate shelters with different dogs just run by the same company. The people who work at them have no visibility into each other's dogs (county stuff since there are criminal case information in the systems). I no longer work there though so I have no visibility into the pets anymore. 

Also people please don't blame the people there. It's an incredibly hard job, and one of the most depressing jobs I have ever had. 

P.s. if you have challenges getting in contact with them tomorrow DM me. Ill try to monitor reddit tomorrow. There is a chance i could be able to help get in contact with them.",Positive,Comment,https://i.redd.it/qv1ghutxib2e1.jpeg,1732222533.0,No-Bandicoot7132
"I know it sounds cruel, but the other option is to have him live out his days in that kennel, and he obviously isn‚Äôt happy there. There are thousands of dogs in the southeastern US that need help, and they are trying to give each dog a chance, but they can‚Äôt continue to take in more from the street without space. There are truly worse things than euthanasia, including starving out on the street and mentally suffering in the kennel at a shelter for months to years on end. In my area, there are so many dogs on the street who need help, but none of the shelters want to euthanize to help free up space to get these dogs off the street, largely due to the stigma and bone they get from the public, so the dogs stay out there and continue to suffer and reproduce, so more dogs are born into a world without homes. It has always been bad, but since Covid, it has gotten so much worse. Meanwhile, people are breeding dogs every day to make whatever breed is on trend at the moment instead of helping dogs who are already here and need care.",Negative,Comment,https://i.redd.it/qv1ghutxib2e1.jpeg,1732222533.0,Far-Owl1892
"Far Owl is right :( I just saw this shelter post one of their dogs that was self harming in the kennel. I didn't even know they could do that but they were actively tearing their skin off their face and trying to break their tail. Thankfully someone pulled him and he is safe with a foster as of today. They also posted a video of another dog bouncing off the walls because they were going crazy in the small space. I know it sounds terrible to say they're going to put them down but even life on the streets is inhumane. My bf's parents just adopted a dog from this shelter about a month ago and she was so skinny and for the first few days when we would let her out, she would try to eat sticks and dirt because that's all she had when she was in the streets.",Neutral,Comment,https://i.redd.it/qv1ghutxib2e1.jpeg,1732222533.0,17dancingqueen
so people PLEASE adopt from shelters so every dog has a happy ending,Positive,Comment,https://i.redd.it/qv1ghutxib2e1.jpeg,1732222533.0,Henryksko
"No answer from the shelter. Not sure if dancing queen can make it up there in time. I sent a dm.

Edit: dancing queen has somebody more local that can get him!!!! Happy ending!",Neutral,Comment,https://i.redd.it/qv1ghutxib2e1.jpeg,1732222533.0,Aggravating_Wish_914
"I simply meant the cost to rescue the animal.  I know there's good people with good hearts that would love to adopt, and probably just can't because of financial reasons.  All the dogs we've had have always been rescued from our shelter in Thomas county and, yes it's heartbreaking seeing them there because they all so desperately want to go home with someone.

I was trying to say I don't know enough amount finances, but I meant where the money pledged could be kept in an account (or whatever it would be called) that could help others rescue an animal.  Maybe some already have a lot of animals and would like to help, it would still help rescue another animal for a home",Negative,Comment,https://i.redd.it/qv1ghutxib2e1.jpeg,1732222533.0,chrs8592
"Disabled person here! SSI/medicaid. Ga has Medicaid, but it is very barebones. GA is one of the worst states for healthcare. Metro atlanta access is okay, but I frequently see people traveling hours in GA to reach coverage.

Many providers are also rapidly dropping Medicaid. I cannot find psychiatric care without paying out of pocket. Many places no longer accept it, and those that do are booked out for months. If you need residential psych services, forget it too. I spent 11 days in solitary confinement because they couldn‚Äôt place me. 

Personally, I would not recommend moving here unless you have a very good support system. Even with that, it is very very hard. Particularly with the cuts coming with the ACA and Republican govt control. 

I am grandfathered in to several medical practices. New patients? Good luck.",Positive,Comment,https://www.reddit.com/r/Georgia/comments/1gwo31v/medicaid_in_georgia/,1732217650.0,UnexpectedWings
"Veterans deserve mental health services to help them overcome trauma. 

So do all Georgians. Hopefully this helps break the ice for future treatment options.",Neutral,Comment,https://themarijuanaherald.com/2024/11/georgia-senate-study-committee-recommends-5-million-for-psychedelic-research-to-aid-veterans/,1732215340.0,the_zero
"Blue Ridge is up the highway so there are no dangerous roads getting there, but once off the highway there are plenty of country roads, however no steep drop-offs I can think of. Its the mountains so there are going to be mountain roads but most are really safe. 

The bears are going in to hibernation soon so they may not even be around. And they are black bears not grizzly bears and are usually afraid of humans and avoid contact. If you keep the doors and windows of the BnB closed you should not have any issues. Same with hiking, they should all be asleep or getting close to it up here when you get here. If you are hiking it is a good precaution to take some pepper spray or bear spray and keep it in a Ziplock bag (in case of leakage) we hike here a lot and have seen bears but usually don't want anything to do with you. I still carry a gun but in summer but have never had to draw it on any wildlife at all whatsoever.",Positive,Comment,https://www.reddit.com/r/Georgia/comments/1gwm7rd/blueridge_ga_or_highlands_nc_hazardous_mountain/,1732213217.0,RedleyLamar
"We lived in a trailer. Same situation. Most came out at night when everything was quiet. Took at the end of the 3 years almost to put down that raid squirter food looking thing and spread it across the cracks and crevices as if it was caulk. Definitely killed a lot to say the least. We put in a few times to get a ""bug detox"" of whatever and just never got it. Time after outing in a request. Never happened so I did that. They finally did calm down for sure!!!!! They knew their family died so they really calmed down after that. Very very few would show up after that.",Positive,Comment,https://www.reddit.com/r/Georgia/comments/1gwgcj3/why_does_everyone_think_palmetto_bugs_dont_infest/,1732195957.0,KlarkKentt
"I grew up in a palmetto bug infested house and it was miserable. That being said, it's the only house I've ever seen that got infested by them. In general they don't infest. It absolutely*can* happen though, and if it does there will be no doubt about it. I'm talking about the big bugs everywhere that scatter when you turn on the light, *that* kind of infestation. Everywhere else I ever found one it was due to there being access under the door or somewhere else to the outdoors.",Negative,Comment,https://www.reddit.com/r/Georgia/comments/1gwgcj3/why_does_everyone_think_palmetto_bugs_dont_infest/,1732195957.0,TK-Squared-LLC
Talk to your OB about this if you can. I had to make a trip for a funeral when I was about 36 weeks and they gave me a print out of my paperwork to take in case I had to go to a hospital. Makes things a little quicker in an emergency. They may also recommend a good hospital.,Positive,Comment,https://www.reddit.com/r/Georgia/comments/1gwfyjy/labor_and_delivery_hospital/,1732194796.0,ellers23
"I hear ya. My wife loves Crust Margherita pizza. I think they use  garlic and onion in their sauce, which I think is why it tastes that way to me. Most classic italian style sauces don't use those ingredients for pizza. The sauce on that pizza just does not shine through to me. And I say that, but when I get mozzarella sticks, the marinara that comes with that is good. I also usually like garlic, and do a home made garlic butter on my pizza that I make at home. 

I do like several things at Crust. Their mozzarella sticks are pretty good, and like I said, that meatball sandwich is great. I told my buddy that for years when he was living over there and then finally bought it for him one day after a year of him not trying it, and he said he was the best meatballs he ever had and wish he had listened to me sooner.  

There are very few places in the burbs that have decent pizza, honestly even in Atlanta in general. If you were looking in that Alpharetta area though, I would recommend trying Colleta at Avalon. Their pizza is actually pretty good, even though that is more of an Italian restaurant than a pizza place. If you look at their review photos of pizza on google, its a pretty good looking pie too.  Have not had it in a while, since I moved to Gwinnett. There are only a handful of places that I would even be willing to order from again though, as I don't think there is a lot of great pizza here.",Positive,Comment,https://www.reddit.com/r/Georgia/comments/1gvzxby/best_pizza_in_nw_atlanta_metro/,1732137851.0,Boondocsaint11
"I Love pizza, I make my own, and am pretty tough on places. I have been pretty unimpressed with Anticos but I have never had the original. I have mainly had Avalon Anticos and the battery once or twice. Anticos has been mostly a miss for me, but was good once or twice. My brother lives downtown and worked at Avalon. He said the original downtown tastes better than Avalon. I can‚Äôt say if that is true, but it‚Äôs not the first time I have heard it. Oddly enough I took him to one of the few places I like in East Metro and he said it was good and reminded him of Anticos in Atlanta.",Positive,Comment,https://www.reddit.com/r/Georgia/comments/1gvzxby/best_pizza_in_nw_atlanta_metro/,1732137851.0,Boondocsaint11
They didn‚Äôt have to do this. They did it to create goodwill and help the Red Cross. Be grateful.,Positive,Comment,https://www.savannahbusinessjournal.com/events/photos/american-red-cross-receives-1-million-donation-from-atlanta-gas-light-foundation-for-community-adaptation/collection_469ab1c2-a69f-11ef-9fc3-1b384117e714.html,1732047521.0,ReturnhomeBronx
I‚Äôm happy for the Red Cross but this is the wrong way to generate goodwill with GA Power customers.,Positive,Comment,https://www.savannahbusinessjournal.com/events/photos/american-red-cross-receives-1-million-donation-from-atlanta-gas-light-foundation-for-community-adaptation/collection_469ab1c2-a69f-11ef-9fc3-1b384117e714.html,1732047521.0,Previous_Injury_8664
"Couldn‚Äôt have said it better. Cant believe I actually have to say, I agree.. with mtg. (On just this one thing) Oh god that hurt to even type.",Negative,Comment,https://i.redd.it/jztmnvppnw1e1.jpeg,1732063276.0,timetocha
Calm before the Trump storm.,Neutral,Comment,https://i.redd.it/694bcn96qv1e1.jpeg,1732031268.0,reddittorbrigade
That‚Äôs it my aunt lived in Marietta and we lived here south of the Augusta area and shared the house mom got copd and mountains were not as beautiful and when my aunt lost her husband the memories made her not go as much I was living in Tifton GA from 01-22 so it was a 4-5 hr ride up so it was not as nice except for a full week. There used to be mom and pop stores everywhere i remember a tire shop on the Murphy hwy that was in the right and the guy honored a Goodyear warranty on a tire I bought at Walmart in Valdosta. I was going to just write it off he said no they owe you and went out his way. That‚Äôs the people i remember up there now in downtown it‚Äôs a tourist trap and on the 4 lane it seems like mini Atlanta. Most the locals has to adapt. If you go to blue ridge circle c is still open it‚Äôs like a old time western sizzle where you get your steak and they got the little buffet so some small places exist the Ace hardware is huge but the get away and rough it lifestyle is gone it‚Äôs more million dollar cabins that should only be worth 150-200k I don‚Äôt think locals can afford to live there anymore,Negative,Comment,https://www.reddit.com/r/Georgia/comments/1guhp68/blue_ridge_cherry_log_or_ellijay/,1731969323.0,Timmarino
"That's fair! When I looked it up, it said it wasn't explicitly bad, like, say, the lantern flies. That it his a very similar impact to another spider we already have. My concern was that it might be venomous or poisonous, and I didn't want that in or near my doorway if so.  I was just happy to see that not only was it not either of those, it was mostly existing without completely destroying everything around it.  If that makes sense.",Negative,Comment,https://v.redd.it/4y2tks831h1e1,1731853326.0,Waffuru
"Apparently you don't understand that laws of the county where you live and register your car are what dictate what you have to do to get your tag renewed. If they live in Atlanta (which is what they said) they have to pass an emissions test. They can't go to another county. The smog guy might not hurt you, but neither would a book. Read more, and maybe you won't sound so incredibly ignorant.",Negative,Comment,https://www.reddit.com/r/Georgia/comments/1gte3di/atlanta_cops_and_lights/,1731851859.0,but_i_wanna_cookies
"well evidently I'm blind bc I thought that tag said ""dealer"" üòÅ so you're in good company!",Positive,Comment,https://i.redd.it/yzzt7bcrrb1e1.jpeg,1731789650.0,ms_directed
"Yep the duality of Atlanta. We have culture. I never said good or bad culture, but we do have it",Negative,Comment,https://i.redd.it/9qjuhj0knb1e1.jpeg,1731788236.0,Coalas01
"I‚Äôm not putting down anything.  I said that there are some nice places, but Atlanta can go from good to bad just by crossing a street.",Negative,Comment,https://i.redd.it/9qjuhj0knb1e1.jpeg,1731788236.0,Trizzy_4_Shizzy
"I'm 42, female, live in Marietta, and was diagnosed as AuDHD in November 2023. I haven't had any issues getting medication. I go to GA Psych & Sleep in Smyrna for my psych/medication appts. I take Azstarys, which is similar to Ritalin but longer acting. It's a controlled substance too so I have to do a urine test at every in-person appt, which is only like twice a year. I also see a therapist in West Cobb. I have an almost 4 year old daughter who's been diagnosed as L2 support needs autistic and the care and support she's received has been amazing. 

I haven't had any issues getting support for myself and considering I'm pretty good at masking because I did it without realizing it for 40 years, only the people closest to me even know I have AuDHD.",Positive,Comment,https://www.reddit.com/r/Georgia/comments/1gss263/what_is_it_like_having_adhd_in_ga_especially_in/,1731777580.0,captainbkfire82
"I get the sentiment and I also see that a state of a myriad of people is being reduced down to the winner of an election. There are lots of people here who seem to believe in the desire to support others and expand social support networks for others. There are lots of people here who also seem to want us to continue to be serving only the individual. There‚Äôs a lot of people who seem ignorant (we all are until we aren‚Äôt) and/or fall somewhere on the spectrum of each. I work in mental health with people one-on-one, fortunately, and I get to witness their humanity and struggles in a way that not many people get to do. Thankfully, because it counter acts the world how humans and bots present on social media. So, def do what‚Äôs best for family and also I think it‚Äôs a bit reductive to write off a whole state that has a lot of amazing people in it. A lot of people who are trying to create change for the betterment of all.",Neutral,Comment,https://www.reddit.com/r/Georgia/comments/1gseais/goodbye_georgia/,1731727286.0,living_in_nuance
Hahaha you aren‚Äôt kidding. Fuckkkkk. He needs to take some more with him üòÇ I‚Äôm thinking we still have out of towners here cleaning up debris and shit still so hopefully when they‚Äôre done ripping off the locals they‚Äôll piss off too.,Positive,Comment,https://www.reddit.com/r/Georgia/comments/1gseais/goodbye_georgia/,1731727286.0,Ok-Butterscotch-1757
"It would be really amazing if our culture was not so backward and ignorant. This kind of rail system is so common in so many metropolises around the world. It is such an enhancement to the quality of life. But here in Atlanta and at the state leaders are just too blind and closed minded to understand that.  And so little ever gets done to move us toward being more legitimate. In Cobb, they vote down public transit splost. It‚Äôs really republicans doing the damage to all of this.",Negative,Comment,https://i.redd.it/v1c5oij5c51e1.png,1731712057.0,Ok-Consideration2463
"I‚Äôll never forget asking a friend why they weren‚Äôt using their turn signals, they said ‚ÄúI don‚Äôt want people knowing what I‚Äôm about to do‚Äù 

That is literally what they do and it‚Äôs a GOOD THING!!",Neutral,Comment,https://atlanta.urbanize.city/post/analysis-atl-worst-american-city-for-driving-2024-ouch,1731705344.0,iamthepip
"But here in modern day, Georgia residents flipped the state blue in a landslide vote for a black man to become POTUS, the most powerful position in the nation.¬†

Personally, I think we leave the race nonsense out of this time around entirely. The citizens of the state overwhelmingly want it, as do corporations and business owners. Red and Blue are on the same page for widening Georgia resident‚Äôs access to more jobs/companies by returning a 35 mile (55-65 minutes) commute into a 27 minute train ride. More workers, more job opportunities, more competition for both is a healthy thing. And more money not spent on foreign gas and car maintenance is additional money in Georgian‚Äôs pockets to infused into the local economy.¬†

The rhetoric around bringing ¬†marta train expansion up again should be focused on opening access to increased economic opportunities for Georgians and providing larger candidate pools for employers. Also‚Äî getting Americans home significantly faster to their families after work, having time to cook and sit with loved ones for a family dinner instead of missing supper and not being sure your kids ate anything good or having a family meal at all.¬†

More jobs. Larger labor force. Home for family dinner.¬†",Positive,Comment,https://atlanta.urbanize.city/post/analysis-atl-worst-american-city-for-driving-2024-ouch,1731705344.0,Historical_Pie_370
